,T0,T1
0,0.14195048520411085,0.8580495147958892
1,0.2271786861121233,0.7728213138878767
2,0.018880685096122275,0.9811193149038778
3,0.015034384609002815,0.9849656153909971
4,0.022092201170466966,0.977907798829533
5,0.004020224152892132,0.9959797758471078
6,0.03304296220620594,0.966957037793794
7,0.1167072672735122,0.8832927327264879
8,0.09846284975234408,0.901537150247656
9,0.016246370570395706,0.9837536294296044
10,0.031949130324100794,0.9680508696758992
11,0.027826022145862467,0.9721739778541375
12,0.01002656341664883,0.9899734365833511
13,0.009438390111750048,0.9905616098882499
14,0.062316965457293656,0.9376830345427063
15,0.03130615394135281,0.9686938460586472
16,0.07371072415481882,0.9262892758451812
17,0.033597656010326264,0.9664023439896737
18,0.07192268426001495,0.928077315739985
19,0.05720210199783126,0.9427978980021687
20,0.012360497681788556,0.9876395023182114
21,0.04429337935150526,0.9557066206484948
22,0.2186732505664976,0.7813267494335023
23,0.005674272625055564,0.9943257273749444
24,0.02619805106818943,0.9738019489318107
25,0.06387101766755537,0.9361289823324446
26,0.0037070362515771948,0.9962929637484229
27,0.42423500633165623,0.5757649936683438
28,0.026878967755523186,0.9731210322444768
29,0.21707073741786392,0.782929262582136
30,0.04757175627132872,0.9524282437286713
31,0.022238151072384305,0.9777618489276156
32,0.01875573506418794,0.981244264935812
33,0.024252533803152832,0.9757474661968472
34,0.007114157868685887,0.9928858421313141
35,0.27746243455698866,0.7225375654430114
36,0.0240828623634011,0.9759171376365988
37,0.014467697823343513,0.9855323021766564
38,0.009716006836896487,0.9902839931631036
39,0.03430660446743431,0.9656933955325656
40,0.20672294416960685,0.7932770558303931
41,0.03792722659346741,0.9620727734065326
42,0.006235439775063978,0.993764560224936
43,0.008386741191617237,0.9916132588083828
44,0.059559355691083685,0.9404406443089163
45,0.01636667452018735,0.9836333254798127
46,0.1683586010969116,0.8316413989030884
47,0.8166732992675462,0.18332670073245383
48,0.04919666610069799,0.9508033338993019
49,0.07097211309116752,0.9290278869088324
50,0.14839594340558712,0.8516040565944129
51,0.024439347687142846,0.9755606523128572
52,0.013133217572548924,0.9868667824274511
53,0.13946399011365893,0.8605360098863412
54,0.5658334933282145,0.43416650667178547
55,0.12439156570932898,0.875608434290671
56,0.01144951562941738,0.9885504843705826
57,0.027680552267936767,0.9723194477320632
58,0.0927358334693367,0.9072641665306633
59,0.021688213193000006,0.9783117868069999
60,0.23365174487197915,0.7663482551280208
61,0.028252767956250587,0.9717472320437494
62,0.4481701360747908,0.5518298639252093
63,0.011404779638498203,0.9885952203615017
64,0.1197532180419154,0.8802467819580846
65,0.006992954773413603,0.9930070452265863
66,0.5073884330301446,0.4926115669698554
67,0.02597800411487632,0.9740219958851236
68,0.04244437843276511,0.9575556215672348
69,0.27985449629422976,0.7201455037057704
70,0.1200249060736929,0.879975093926307
71,0.06076435594837615,0.9392356440516239
72,0.03071391119488688,0.9692860888051131
73,0.028501189140760604,0.9714988108592394
74,0.014311364593113982,0.985688635406886
75,0.02597800411487632,0.9740219958851236
76,0.025377741749544963,0.974622258250455
77,0.7494514212782192,0.25054857872178093
78,0.34582451830574534,0.6541754816942545
79,0.03759145709638409,0.9624085429036159
80,0.048766278708338676,0.9512337212916613
81,0.07159365955126501,0.9284063404487349
82,0.06692215738105496,0.933077842618945
83,0.02829877571589969,0.9717012242841004
84,0.02099045629121129,0.9790095437087888
85,0.133891562952885,0.866108437047115
86,0.02099045629121129,0.9790095437087888
87,0.01890974007117815,0.9810902599288218
88,0.03593756557449448,0.9640624344255054
89,0.009202215492312779,0.9907977845076873
90,0.3099523306074046,0.6900476693925954
91,0.006200230479540669,0.9937997695204595
92,0.08919951991780727,0.9108004800821927
93,0.032608335368086785,0.9673916646319133
94,0.02758867439430276,0.9724113256056972
95,0.07771331474610868,0.9222866852538913
96,0.05522375546037072,0.9447762445396294
97,0.022135502966966567,0.9778644970330335
98,0.09984888519750819,0.9001511148024918
99,0.11692773939418286,0.8830722606058171
100,0.04469464537881176,0.9553053546211883
101,0.07937300787250466,0.9206269921274953
102,0.003783970285303769,0.9962160297146962
103,0.04794230478271292,0.952057695217287
104,0.09629267569894134,0.9037073243010586
105,0.022637826272513515,0.9773621737274865
106,0.011920271556195561,0.9880797284438044
107,0.21638551195200628,0.7836144880479937
108,0.07371072415481882,0.9262892758451812
109,0.09606169916968853,0.9039383008303116
110,0.031949130324100794,0.9680508696758992
111,0.4975564001111391,0.5024435998888609
112,0.3136189765115831,0.686381023488417
113,0.010579826185919006,0.9894201738140811
114,0.00890227540959658,0.9910977245904035
115,0.035200415184731375,0.9647995848152686
116,0.1875917150707461,0.8124082849292539
117,0.024598145504069396,0.9754018544959305
118,0.644856002370932,0.35514399762906806
119,0.011666600745654504,0.9883333992543455
120,0.13260161258948402,0.867398387410516
121,0.19200925826858745,0.8079907417314125
122,0.007271786856601653,0.9927282131433983
123,0.16889107674751133,0.8311089232524886
124,0.48304869290398766,0.5169513070960124
125,0.0951394953589629,0.9048605046410372
126,0.007844562999155962,0.9921554370008441
127,0.0067094538927870975,0.9932905461072128
128,0.25438420966347647,0.7456157903365236
129,0.03769147844099251,0.9623085215590075
130,0.2639301532401928,0.7360698467598072
131,0.019611861467854597,0.9803881385321453
132,0.021887368781295234,0.9781126312187047
133,0.08408196760828199,0.915918032391718
134,0.007938234076377176,0.9920617659236228
135,0.010794352321867862,0.9892056476781321
136,0.019023388266499887,0.9809766117335001
137,0.16070080945080825,0.8392991905491917
138,0.009664784122741792,0.9903352158772581
139,0.10952918862748454,0.8904708113725156
140,0.03911094366191012,0.9608890563380899
141,0.057078803351928754,0.9429211966480713
142,0.14458832091114412,0.855411679088856
143,0.7964229638980652,0.20357703610193473
144,0.08583752572704946,0.9141624742729505
145,0.11741398255881853,0.8825860174411815
146,0.016966061661366428,0.9830339383386335
147,0.04552124121674942,0.9544787587832506
148,0.004303614036009007,0.9956963859639909
149,0.21157729982466356,0.7884227001753364
150,0.12088322139875776,0.8791167786012423
151,0.3294043639685985,0.6705956360314014
152,0.04047534072380199,0.959524659276198
153,0.009395100755084951,0.990604899244915
154,0.052020096982596194,0.9479799030174038
155,0.18340595928358108,0.8165940407164188
156,0.01899683903885029,0.9810031609611497
157,0.024869539104573693,0.9751304608954263
158,0.023248730950177723,0.9767512690498223
159,0.18449328186170538,0.8155067181382946
160,0.011607935477865868,0.9883920645221342
161,0.1005514829222794,0.8994485170777207
162,0.0313067528926233,0.9686932471073768
163,0.22767071623622864,0.7723292837637713
164,0.015658360502305475,0.9843416394976945
165,0.01929891723586158,0.9807010827641384
166,0.07971412308858822,0.9202858769114118
167,0.07299650007071112,0.927003499929289
168,0.07843761396794074,0.9215623860320593
169,0.3732122412991666,0.6267877587008335
170,0.027899018294931407,0.9721009817050685
171,0.036170364609558976,0.963829635390441
172,0.022900342943992735,0.9770996570560073
173,0.5400283999748245,0.45997160002517556
174,0.134007139186978,0.8659928608130221
175,0.1688182669570573,0.8311817330429427
176,0.12678556762369844,0.8732144323763016
177,0.688337730752772,0.31166226924722806
178,0.05938811394161948,0.9406118860583806
179,0.13971945307877134,0.8602805469212288
180,0.05043967724577207,0.949560322754228
181,0.031230753574704607,0.9687692464252954
182,0.07802930372194072,0.9219706962780593
183,0.020292389680217193,0.9797076103197827
184,0.058673571249132916,0.941326428750867
185,0.007262144410296219,0.9927378555897038
186,0.022637826272513515,0.9773621737274865
187,0.4061536817770097,0.5938463182229903
188,0.2814340590352542,0.7185659409647457
189,0.012853604322280167,0.9871463956777199
190,0.035778951398651206,0.9642210486013488
191,0.004902823502170644,0.9950971764978292
192,0.02180726360115397,0.978192736398846
193,0.2134217530138642,0.7865782469861358
194,0.1754305736773541,0.8245694263226458
195,0.1552413529334166,0.8447586470665833
196,0.010597367837272196,0.9894026321627277
197,0.3644420913897777,0.6355579086102222
198,0.0564412636038763,0.9435587363961236
199,0.0048169877120158916,0.9951830122879842
200,0.02132192754352484,0.9786780724564752
201,0.020937161938354605,0.9790628380616454
202,0.08904082262682633,0.9109591773731738
203,0.19010946767978926,0.8098905323202108
204,0.0033786520357923073,0.9966213479642076
205,0.12062921973995899,0.8793707802600411
206,0.03156724449539832,0.9684327555046016
207,0.009721518875070808,0.9902784811249293
208,0.0028605060709848426,0.9971394939290151
209,0.038223103467351034,0.9617768965326489
210,0.25343571769966505,0.7465642823003349
211,0.03984701483193436,0.9601529851680656
212,0.03180783081975203,0.9681921691802481
213,0.014619333048466127,0.9853806669515338
214,0.016022020807983338,0.9839779791920168
215,0.005149546678775127,0.9948504533212249
216,0.15138442016419984,0.8486155798358002
217,0.008759440968996404,0.9912405590310036
218,0.16829435079362243,0.8317056492063776
219,0.026870193802108408,0.9731298061978917
220,0.01637924148267884,0.9836207585173211
221,0.14038481269872774,0.8596151873012723
222,0.2945317805008352,0.7054682194991647
223,0.11309913457914676,0.8869008654208532
224,0.6445537337717131,0.35544626622828696
225,0.030202509973400172,0.9697974900265998
226,0.19973804919757998,0.8002619508024201
227,0.11612257259803577,0.8838774274019643
228,0.038616139161107524,0.9613838608388925
229,0.11473064981556852,0.8852693501844315
230,0.3794315794923727,0.6205684205076273
231,0.0294319044994127,0.9705680955005873
232,0.0152186362955681,0.9847813637044319
233,0.02750059099776282,0.9724994090022372
234,0.009054888563603869,0.9909451114363962
235,0.7535432946744121,0.2464567053255879
236,0.03877143519047852,0.9612285648095215
237,0.24370021852115564,0.7562997814788445
238,0.04231158325380449,0.9576884167461955
239,0.0263511249648804,0.9736488750351197
240,0.0548575621565222,0.9451424378434777
241,0.02667322294697971,0.9733267770530203
242,0.09148276867756457,0.9085172313224353
243,0.00788664930332144,0.9921133506966786
244,0.06768653086086417,0.9323134691391358
245,0.04458604603267262,0.9554139539673273
246,0.029831244316720754,0.9701687556832793
247,0.008828804038949884,0.9911711959610501
248,0.31319862036528295,0.6868013796347171
249,0.00837358578646243,0.9916264142135375
250,0.04948447112979294,0.9505155288702072
251,0.13726570554170955,0.8627342944582904
252,0.2615761001210371,0.738423899878963
253,0.5940645743489756,0.4059354256510244
254,0.1161820837310939,0.8838179162689062
255,0.02445558891161186,0.9755444110883882
256,0.028196889104424767,0.9718031108955753
257,0.058575778569710406,0.9414242214302896
258,0.030007228564875345,0.9699927714351246
259,0.5843828808436133,0.4156171191563867
260,0.28407024703375555,0.7159297529662444
261,0.19038403355276007,0.80961596644724
262,0.054483206761469706,0.9455167932385303
263,0.020965860146435776,0.9790341398535642
264,0.028738296542599902,0.9712617034574001
265,0.02133441187597891,0.978665588124021
266,0.02056603678683688,0.9794339632131631
267,0.7762860227793956,0.22371397722060446
268,0.00648485674751286,0.9935151432524871
269,0.11332902076813109,0.8866709792318689
270,0.0017135095966583818,0.9982864904033416
271,0.07900408825088796,0.920995911749112
272,0.021185070997032367,0.9788149290029676
273,0.09454949722377246,0.9054505027762275
274,0.01319724365446487,0.9868027563455352
275,0.18459283021117587,0.8154071697888241
276,0.08992283641608127,0.9100771635839187
277,0.04687909886419527,0.9531209011358047
278,0.010095234480475503,0.9899047655195246
279,0.3846276556669413,0.6153723443330588
280,0.022456832861992952,0.977543167138007
281,0.045651140585100024,0.9543488594149
282,0.12194651384804213,0.878053486151958
283,0.30477312764299086,0.6952268723570092
284,0.2773485253823346,0.7226514746176653
285,0.2893542700815484,0.7106457299184515
286,0.05396217801008065,0.9460378219899194
287,0.038060904452405106,0.9619390955475948
288,0.015283342007868381,0.9847166579921317
289,0.02733772443052352,0.9726622755694766
290,0.024641892044235995,0.975358107955764
291,0.036150577660777755,0.9638494223392223
292,0.054637834371310555,0.9453621656286895
293,0.0545730885565853,0.9454269114434147
294,0.01890974007117815,0.9810902599288218
295,0.012717631750048426,0.9872823682499515
296,0.10493323710493264,0.8950667628950674
297,0.02305619307356991,0.9769438069264301
298,0.354249133301357,0.6457508666986431
299,0.06273853075071413,0.9372614692492858
300,0.030421045735028466,0.9695789542649716
301,0.1729353610898222,0.8270646389101778
302,0.0065205138975611525,0.9934794861024389
303,0.048464358826589025,0.9515356411734109
304,0.024166511109069554,0.9758334888909305
305,0.24681524939456942,0.7531847506054307
306,0.22655469551807558,0.7734453044819245
307,0.07963311169402468,0.9203668883059754
308,0.018608477673560258,0.9813915223264398
309,0.05164944887045032,0.9483505511295497
310,0.030523531689470394,0.9694764683105297
311,0.019394403793281292,0.9806055962067186
312,0.013058593884561888,0.9869414061154381
313,0.28181819609746855,0.7181818039025315
314,0.05660211475802916,0.9433978852419708
315,0.03299384029174345,0.9670061597082565
316,0.2677110315128936,0.7322889684871063
317,0.21748550842306577,0.7825144915769342
318,0.04159401804712731,0.9584059819528726
319,0.2498746248014004,0.7501253751985996
320,0.01232863769644809,0.9876713623035519
321,0.07035989422350422,0.9296401057764958
322,0.7266746567158138,0.2733253432841862
323,0.17183624865637998,0.82816375134362
324,0.23505664260775433,0.7649433573922456
325,0.02034381587263211,0.9796561841273679
326,0.019204394044509267,0.9807956059554908
327,0.12326853787629166,0.8767314621237083
328,0.010946734603991811,0.9890532653960081
329,0.015862367510985804,0.9841376324890143
330,0.6347253959213466,0.3652746040786534
331,0.01896891282300256,0.9810310871769974
332,0.17258450547476348,0.8274154945252367
333,0.10504349578272765,0.8949565042172722
334,0.0409479069496132,0.9590520930503867
335,0.14222775723830644,0.8577722427616935
336,0.10293413055181826,0.8970658694481817
337,0.021291996992417964,0.978708003007582
338,0.09299085555072244,0.9070091444492775
339,0.02344157314347102,0.9765584268565289
340,0.007369762318794133,0.9926302376812058
341,0.090232217409116,0.9097677825908841
342,0.10332691362998912,0.8966730863700109
343,0.033712861524707996,0.966287138475292
344,0.7288770788142366,0.2711229211857634
345,0.03323008182613659,0.9667699181738634
346,0.06313289518532576,0.9368671048146743
347,0.06640506156349293,0.9335949384365071
348,0.12576020195560259,0.8742397980443973
349,0.02086106569058376,0.9791389343094162
350,0.053124466095064035,0.946875533904936
351,0.012133346820332668,0.9878666531796673
352,0.0591911197109684,0.9408088802890316
353,0.05812509483449166,0.9418749051655083
354,0.8870281227673722,0.11297187723262792
355,0.021460158821964174,0.9785398411780358
356,0.11320769803915523,0.8867923019608449
357,0.04284444084438245,0.9571555591556177
358,0.050085133043854826,0.9499148669561451
359,0.016500216820619105,0.9834997831793809
360,0.039200759545036365,0.9607992404549636
361,0.10825974421243101,0.891740255787569
362,0.7609928813576622,0.23900711864233784
363,0.11008849625971794,0.889911503740282
364,0.06339099495955251,0.9366090050404474
365,0.011583686839376644,0.9884163131606233
366,0.016077525343216305,0.9839224746567838
367,0.1056393672662769,0.894360632733723
368,0.025884572983008447,0.9741154270169915
369,0.045651140585100024,0.9543488594149
370,0.10872421021937738,0.8912757897806227
371,0.533590449596687,0.466409550403313
372,0.1908732467399244,0.8091267532600755
373,0.05342132274133308,0.946578677258667
374,0.8746579286575662,0.1253420713424339
375,0.007871595831876091,0.9921284041681239
376,0.06476230578162362,0.9352376942183763
377,0.014821054767989431,0.9851789452320106
378,0.10293709429124424,0.8970629057087557
379,0.013304620863617821,0.9866953791363823
380,0.09645791159223419,0.9035420884077658
381,0.028501189140760604,0.9714988108592394
382,0.03377768120431465,0.9662223187956854
383,0.07050777753562089,0.9294922224643791
384,0.04234779852550009,0.9576522014744999
385,0.13181163136720647,0.8681883686327935
386,0.25207990561995736,0.7479200943800426
387,0.05302773227782122,0.9469722677221788
388,0.3174750706913871,0.682524929308613
389,0.06665545321745435,0.9333445467825457
390,0.09844899965069388,0.9015510003493061
391,0.06606315855332101,0.933936841446679
392,0.02267628631077167,0.9773237136892283
393,0.051190015466073074,0.9488099845339268
394,0.0259762896050655,0.9740237103949345
395,0.01053597151217436,0.9894640284878257
396,0.06394653283764291,0.9360534671623572
397,0.03722852033259269,0.9627714796674073
398,0.020774984526930013,0.9792250154730701
399,0.17098051803884204,0.8290194819611579
400,0.030370975188137875,0.9696290248118621
401,0.6867089547756752,0.31329104522432494
402,0.07433858943336169,0.9256614105666384
403,0.10870772036780271,0.8912922796321974
404,0.014221099170725976,0.9857789008292741
405,0.02133441187597891,0.978665588124021
406,0.02750455333894725,0.9724954466610527
407,0.005846766617226871,0.9941532333827732
408,0.019494315265118016,0.9805056847348821
409,0.03485609340808389,0.9651439065919162
410,0.05370275841001851,0.9462972415899815
411,0.18075369194015384,0.8192463080598461
412,0.13268327684449294,0.867316723155507
413,0.01900526582014504,0.980994734179855
414,0.014437276781481588,0.9855627232185183
415,0.023344418588404154,0.9766555814115959
416,0.04047534072380199,0.959524659276198
417,0.043843444828759584,0.9561565551712405
418,0.06330606823718322,0.9366939317628169
419,0.032700992922721404,0.9672990070772786
420,0.01652513828690179,0.9834748617130982
421,0.4481701360747908,0.5518298639252093
422,0.21927437660542784,0.7807256233945722
423,0.15803732943848248,0.8419626705615176
424,0.011994625714379765,0.9880053742856202
425,0.03497391954585364,0.9650260804541465
426,0.3164691061157997,0.6835308938842003
427,0.084821528513294,0.9151784714867061
428,0.02293056057643174,0.9770694394235683
429,0.12363282488160457,0.8763671751183955
430,0.16950276610148082,0.8304972338985193
431,0.1200084042453703,0.8799915957546297
432,0.005306744189532987,0.9946932558104671
433,0.048353257123877884,0.951646742876122
434,0.032304848873709,0.967695151126291
435,0.04350123224937169,0.9564987677506283
436,0.6328791268962349,0.3671208731037652
437,0.03514683425343026,0.9648531657465698
438,0.007474824587651882,0.9925251754123481
439,0.002974581707634856,0.9970254182923651
440,0.03846214515064573,0.9615378548493543
441,0.012135621852623842,0.9878643781473762
442,0.4481701360747908,0.5518298639252093
443,0.022691617350525932,0.9773083826494742
444,0.05851873235073556,0.9414812676492644
445,0.006020501671368655,0.9939794983286314
446,0.005568974165227755,0.9944310258347724
447,0.02449163248566531,0.9755083675143347
448,0.025108720632755387,0.9748912793672446
449,0.050249884250340236,0.9497501157496597
450,0.5096845826871018,0.4903154173128981
451,0.021978700546053897,0.9780212994539461
452,0.06523196381899393,0.934768036181006
453,0.04015997166793835,0.9598400283320616
454,0.017293633022915686,0.9827063669770844
455,0.03317169659479416,0.9668283034052059
456,0.1924034458104832,0.8075965541895169
457,0.15184892637339154,0.8481510736266085
458,0.07786365838863685,0.9221363416113633
459,0.4990098502247213,0.5009901497752788
460,0.030579894283287605,0.9694201057167123
461,0.006625827232922132,0.9933741727670778
462,0.03478798906537647,0.9652120109346235
463,0.6852740345701658,0.3147259654298342
464,0.8423645884343395,0.1576354115656605
465,0.314676342034287,0.6853236579657129
466,0.14098544144519065,0.8590145585548093
467,0.07575719546254528,0.9242428045374547
468,0.03751289193487109,0.962487108065129
469,0.018441289786234695,0.9815587102137653
470,0.10070806305933476,0.8992919369406652
471,0.07570179247521797,0.9242982075247821
472,0.27062591359125004,0.7293740864087499
473,0.017529114096313383,0.9824708859036866
474,0.059227846908274824,0.9407721530917251
475,0.7944097053938757,0.20559029460612444
476,0.009180798905653096,0.990819201094347
477,0.05973229803198579,0.9402677019680142
478,0.022763893902935897,0.9772361060970641
479,0.2799338630764701,0.7200661369235299
480,0.016755591599499076,0.983244408400501
481,0.6371618102793348,0.3628381897206652
482,0.047386193922405395,0.9526138060775946
483,0.3817792124691262,0.6182207875308738
484,0.6522978598028647,0.3477021401971353
485,0.08437979690553575,0.9156202030944642
486,0.0240828623634011,0.9759171376365988
487,0.7460618533742521,0.253938146625748
488,0.04393825624003694,0.956061743759963
489,0.0666470252987214,0.9333529747012785
490,0.016575333393033048,0.9834246666069669
491,0.2210527320826276,0.7789472679173723
492,0.8206541526398105,0.17934584736018966
493,0.1269995118746965,0.8730004881253035
494,0.01053083416122272,0.9894691658387772
495,0.020526441159469742,0.9794735588405303
496,0.013085611198842882,0.9869143888011572
497,0.005696798344646251,0.9943032016553537
498,0.05288501953120245,0.9471149804687976
499,0.10784811839527278,0.8921518816047272
500,0.1720820382276123,0.8279179617723877
501,0.7252084718715736,0.27479152812842644
502,0.028438728010853998,0.9715612719891461
503,0.020687229226060234,0.9793127707739397
504,0.08891553075435522,0.9110844692456448
505,0.04093486494836376,0.9590651350516363
506,0.024994561284547762,0.9750054387154522
507,0.07953644731996716,0.9204635526800329
508,0.010321013511373255,0.9896789864886268
509,0.18726712962562014,0.8127328703743799
510,0.0171538457234864,0.9828461542765136
511,0.004403358671647489,0.9955966413283526
512,0.14244564014977149,0.8575543598502284
513,0.06362360148618314,0.9363763985138168
514,0.7308528161126022,0.26914718388739783
515,0.02234869131453121,0.9776513086854688
516,0.004075056223770661,0.9959249437762293
517,0.13750004008945568,0.8624999599105443
518,0.02130410632728823,0.9786958936727118
519,0.023391072383054805,0.9766089276169453
520,0.05696854065689188,0.9430314593431082
521,0.013645958252793543,0.9863540417472065
522,0.02674831185644344,0.9732516881435567
523,0.09955551780212352,0.9004444821978764
524,0.05659834643174734,0.9434016535682526
525,0.00797300046055487,0.9920269995394452
526,0.03794501742519585,0.9620549825748042
527,0.07913005004584678,0.9208699499541532
528,0.44289551803758787,0.5571044819624122
529,0.2184921173454189,0.7815078826545812
530,0.018144799281623984,0.981855200718376
531,0.0956177024579176,0.9043822975420823
532,0.011645061687971166,0.9883549383120289
533,0.03483116999919871,0.9651688300008012
534,0.04794437235193049,0.9520556276480696
535,0.24278289152759303,0.7572171084724069
536,0.04404666480349261,0.9559533351965074
537,0.18923967762162663,0.8107603223783733
538,0.04888766971310135,0.9511123302868987
539,0.030427188299582287,0.9695728117004176
540,0.08047036997067124,0.9195296300293287
541,0.02646426994691204,0.973535730053088
542,0.025688720934133408,0.9743112790658666
543,0.04561616531896151,0.9543838346810385
544,0.6975420012098054,0.30245799879019464
545,0.014199290913382876,0.9858007090866171
546,0.4481701360747908,0.5518298639252093
547,0.00545783972276242,0.9945421602772376
548,0.00965524933655314,0.9903447506634468
549,0.03581457234998817,0.9641854276500118
550,0.05010856583216786,0.9498914341678321
551,0.027680552267936767,0.9723194477320632
552,0.02906905323084111,0.9709309467691589
553,0.0488308033330998,0.9511691966669003
554,0.10224327546057757,0.8977567245394225
555,0.0071249976745312036,0.9928750023254689
556,0.07663107972500308,0.923368920274997
557,0.08545086529246158,0.9145491347075385
558,0.014091616529914803,0.9859083834700851
559,0.4481701360747908,0.5518298639252093
560,0.014338939083217598,0.9856610609167825
561,0.010679073335195124,0.9893209266648049
562,0.04336743279558978,0.9566325672044103
563,0.02499745343024862,0.9750025465697514
564,0.05135836298620362,0.9486416370137963
565,0.007938887875035102,0.992061112124965
566,0.07081173584454674,0.9291882641554532
567,0.012691963701203906,0.9873080362987962
568,0.13770981307353844,0.8622901869264616
569,0.010408136542775571,0.9895918634572244
570,0.010452571605927476,0.9895474283940725
571,0.007719439349105007,0.9922805606508951
572,0.23917821891186708,0.7608217810881329
573,0.013637003286587637,0.9863629967134123
574,0.09957943829695777,0.9004205617030423
575,0.019216594419883597,0.9807834055801165
576,0.0743670817048774,0.9256329182951226
577,0.1984223446827394,0.8015776553172606
578,0.09114544977267877,0.9088545502273212
579,0.011973705766987855,0.9880262942330121
580,0.0303766212989778,0.9696233787010221
581,0.03777926057771445,0.9622207394222856
582,0.006762351321306461,0.9932376486786936
583,0.05193362410733157,0.9480663758926685
584,0.03406493731553263,0.9659350626844674
585,0.020120231150880366,0.9798797688491196
586,0.10811847979408862,0.8918815202059114
587,0.00978210336846601,0.9902178966315339
588,0.22619981964622818,0.773800180353772
589,0.0021742371712542914,0.9978257628287457
590,0.021941881441032388,0.9780581185589677
591,0.0074704139570565065,0.9925295860429435
592,0.04436175840928892,0.9556382415907111
593,0.06842971015768558,0.9315702898423144
594,0.03290180472487697,0.967098195275123
595,0.03320183539484909,0.9667981646051509
596,0.010093049266007608,0.9899069507339925
597,0.016336373157937942,0.983663626842062
598,0.022594443950904493,0.9774055560490955
599,0.02549144793549217,0.9745085520645079
600,0.03051946657532453,0.9694805334246756
601,0.022115850839918932,0.977884149160081
602,0.04908704803028798,0.950912951969712
603,0.016301789544978074,0.9836982104550219
604,0.7564036518470497,0.24359634815295036
605,0.10929276596564268,0.8907072340343573
606,0.04201631589245462,0.9579836841075453
607,0.10615361964643301,0.893846380353567
608,0.5680659110568839,0.43193408894311613
609,0.050807805812524455,0.9491921941874755
610,0.00961534879262946,0.9903846512073706
611,0.019209045745127298,0.9807909542548727
612,0.1554638276352232,0.8445361723647767
613,0.04308440514144002,0.95691559485856
614,0.0232943792557401,0.9767056207442598
615,0.044399969927458066,0.9556000300725419
616,0.006546610599380695,0.9934533894006192
617,0.03526682466093694,0.964733175339063
618,0.3393866136482687,0.6606133863517313
619,0.04177456633801494,0.9582254336619851
620,0.07902009396886979,0.9209799060311303
621,0.1935061776712778,0.8064938223287221
622,0.006282935148818364,0.9937170648511816
623,0.014402647525750907,0.9855973524742492
624,0.03379845259937133,0.9662015474006287
625,0.13591429109753703,0.8640857089024631
626,0.06240482374948024,0.9375951762505198
627,0.09107311564225763,0.9089268843577424
628,0.0491909925051462,0.9508090074948538
629,0.6196042690092038,0.3803957309907962
630,0.029201708916380083,0.97079829108362
631,0.027672993401711973,0.9723270065982881
632,0.899317585912641,0.10068241408735909
633,0.2210527320826276,0.7789472679173723
634,0.05989459638920603,0.940105403610794
635,0.022802315542208598,0.9771976844577914
636,0.030683608415974086,0.9693163915840259
637,0.6103104933680462,0.38968950663195384
638,0.08120803439920954,0.9187919656007905
639,0.004960897331832747,0.9950391026681672
640,0.14278943206651246,0.8572105679334876
641,0.05114248467531964,0.9488575153246803
642,0.1198334596477047,0.8801665403522952
643,0.05282930625606923,0.9471706937439307
644,0.4481701360747908,0.5518298639252093
645,0.0021101239831930086,0.9978898760168069
646,0.010387581280297651,0.9896124187197023
647,0.0066797699793854385,0.9933202300206145
648,0.07354114012335557,0.9264588598766444
649,0.13938096981446965,0.8606190301855303
650,0.041876411249028654,0.9581235887509713
651,0.007531372383832521,0.9924686276161675
652,0.19117484095798745,0.8088251590420126
653,0.10404499280159037,0.8959550071984096
654,0.031949130324100794,0.9680508696758992
655,0.14476400415910856,0.8552359958408914
656,0.0819068409173831,0.9180931590826169
657,0.036150577660777755,0.9638494223392223
658,0.19131067092258003,0.80868932907742
659,0.005248366913764096,0.9947516330862359
660,0.03414269359253628,0.9658573064074638
661,0.007840819167219702,0.9921591808327803
662,0.4481701360747908,0.5518298639252093
663,0.024166511109069554,0.9758334888909305
664,0.013487935852488225,0.9865120641475118
665,0.05450436237263769,0.9454956376273624
666,0.006271317335933113,0.993728682664067
667,0.147463440432032,0.8525365595679679
668,0.0875819304300618,0.9124180695699382
669,0.009222359729341259,0.9907776402706587
670,0.3239861296179886,0.6760138703820113
671,0.0035239379300955605,0.9964760620699045
672,0.06319981494997512,0.9368001850500248
673,0.48701557250702104,0.512984427492979
674,0.2887252805396661,0.7112747194603338
675,0.0720364465185001,0.9279635534814998
676,0.20951540029206756,0.7904845997079325
677,0.6657384280583374,0.3342615719416627
678,0.09201473743607427,0.9079852625639259
679,0.12639204125966827,0.8736079587403318
680,0.04903537837998338,0.9509646216200166
681,0.05488376048783676,0.9451162395121632
682,0.12807196916618505,0.8719280308338149
683,0.08062653762798906,0.919373462372011
684,0.0060480768162629265,0.9939519231837372
685,0.016802553745532734,0.9831974462544673
686,0.025724958802272324,0.9742750411977277
687,0.015133828520507328,0.9848661714794927
688,0.11291682846871921,0.8870831715312809
689,0.0443426034513839,0.955657396548616
690,0.05692506740766601,0.943074932592334
691,0.016906243619920554,0.9830937563800796
692,0.6656302093431554,0.3343697906568447
693,0.22977939264382238,0.7702206073561776
694,0.009965671434248173,0.9900343285657518
695,0.17639830553441685,0.8236016944655831
696,0.13490819549616154,0.8650918045038386
697,0.037805456539765074,0.9621945434602349
698,0.021978167702791214,0.9780218322972088
699,0.043505307027561176,0.9564946929724389
700,0.11339675084198826,0.8866032491580117
701,0.6178581332518497,0.38214186674815026
702,0.019467296756371006,0.980532703243629
703,0.010928615931608628,0.9890713840683915
704,0.30550756563752157,0.6944924343624784
705,0.003966920380838829,0.9960330796191612
706,0.03642752408078974,0.9635724759192104
707,0.029683013589461807,0.9703169864105382
708,0.05381145351836106,0.9461885464816389
709,0.03140591353764189,0.9685940864623582
710,0.004143759844014454,0.9958562401559855
711,0.0025475646529560026,0.997452435347044
712,0.03784948922118642,0.9621505107788136
713,0.17637582524100096,0.823624174758999
714,0.10206487061758977,0.8979351293824102
715,0.06784715095341147,0.9321528490465886
716,0.04404666480349261,0.9559533351965074
717,0.4860689551206651,0.5139310448793349
718,0.010353599748557494,0.9896464002514426
719,0.022135502966966567,0.9778644970330335
720,0.6083154846549684,0.3916845153450316
721,0.029934587669663826,0.9700654123303363
722,0.04179910020982327,0.9582008997901766
723,0.015384769218755767,0.9846152307812442
724,0.49215507042053586,0.5078449295794643
725,0.2255906228625792,0.7744093771374208
726,0.051746485056090016,0.94825351494391
727,0.058319784177854994,0.941680215822145
728,0.13574356211871327,0.8642564378812868
729,0.029082315673702414,0.9709176843262977
730,0.03428880722091585,0.9657111927790842
731,0.08339073346371718,0.9166092665362827
732,0.03555344642198608,0.9644465535780139
733,0.05867383686121763,0.9413261631387825
734,0.0215873968843848,0.9784126031156152
735,0.015606941368304275,0.9843930586316957
736,0.6822660726776024,0.3177339273223976
737,0.043046035500072626,0.9569539644999274
738,0.04349136266050544,0.9565086373394946
739,0.030600798473450097,0.9693992015265499
740,0.010383125660566435,0.9896168743394337
741,0.4832133035626292,0.5167866964373707
742,0.03662522989727954,0.9633747701027205
743,0.009650471103336998,0.9903495288966631
744,0.0240828623634011,0.9759171376365988
745,0.037911374388902186,0.9620886256110978
746,0.025168844800843405,0.9748311551991565
747,0.011920271556195561,0.9880797284438044
748,0.025831704962586653,0.9741682950374133
749,0.031009732024531722,0.9689902679754683
750,0.008090071153754548,0.9919099288462454
751,0.009184756562056405,0.9908152434379436
752,0.018824449121788607,0.9811755508782115
753,0.02151304702463874,0.9784869529753614
754,0.0431069914105769,0.956893008589423
755,0.026499329031278013,0.973500670968722
756,0.2405168776945471,0.7594831223054528
757,0.12576020195560259,0.8742397980443973
758,0.05302773227782122,0.9469722677221788
759,0.09121230854281849,0.9087876914571815
760,0.026838586407817222,0.9731614135921828
761,0.019284192418280065,0.98071580758172
762,0.027891341442728944,0.9721086585572711
763,0.0443426034513839,0.955657396548616
764,0.009266525949633132,0.9907334740503668
765,0.01971695608484984,0.9802830439151502
766,0.06485178730425693,0.935148212695743
767,0.13220492460303065,0.8677950753969693
768,0.012782974230856933,0.987217025769143
769,0.042504081045600564,0.9574959189543994
770,0.016957064785204173,0.9830429352147959
771,0.015943134617050905,0.9840568653829491
772,0.006599993493304664,0.9934000065066952
773,0.01822404502965113,0.9817759549703489
774,0.020931652574156377,0.9790683474258436
775,0.054861021123413095,0.945138978876587
776,0.04817053399372956,0.9518294660062704
777,0.06384776297816389,0.9361522370218361
778,0.04106588877145531,0.9589341112285447
779,0.010980329260936795,0.9890196707390633
780,0.5501259050519679,0.44987409494803215
781,0.06819610505950037,0.9318038949404996
782,0.03444246124135276,0.9655575387586472
783,0.0379553117600055,0.9620446882399944
784,0.35522431445037533,0.6447756855496246
785,0.014482185520909536,0.9855178144790904
786,0.24870356319996212,0.7512964368000379
787,0.3727436753635051,0.6272563246364949
788,0.0619354425778566,0.9380645574221433
789,0.16552097235095062,0.8344790276490494
790,0.0031603253375014754,0.9968396746624985
791,0.09015516521928854,0.9098448347807114
792,0.16408508719863762,0.8359149128013623
793,0.09466457283752494,0.9053354271624751
794,0.033710899675187096,0.9662891003248129
795,0.01083865293394754,0.9891613470660524
796,0.021978137472294882,0.9780218625277052
797,0.048353257123877884,0.951646742876122
798,0.028538501117490653,0.9714614988825093
799,0.01697351759106821,0.9830264824089318
800,0.07511542848405017,0.9248845715159498
801,0.4226894195443828,0.5773105804556171
802,0.012596315881500654,0.9874036841184993
803,0.04662698676620904,0.953373013233791
804,0.168627969835567,0.831372030164433
805,0.2700911449055424,0.7299088550944577
806,0.022385657601242212,0.9776143423987579
807,0.01797723062124152,0.9820227693787585
808,0.028421297198208424,0.9715787028017916
809,0.06870330057577897,0.931296699424221
810,0.0746010319370291,0.9253989680629708
811,0.7199273212597699,0.28007267874023006
812,0.07070219514846939,0.9292978048515307
813,0.014439514861235235,0.9855604851387648
814,0.13791984322512613,0.8620801567748738
815,0.005494388392383249,0.9945056116076169
816,0.006591505074142777,0.9934084949258573
817,0.0804015727802944,0.9195984272197056
818,0.23785318703832808,0.762146812961672
819,0.026642199041729153,0.9733578009582708
820,0.007504578247227501,0.9924954217527725
821,0.01950569710419062,0.9804943028958094
822,0.04022087940599379,0.9597791205940062
823,0.5806253403887552,0.41937465961124476
824,0.048355412954738455,0.9516445870452614
825,0.062220059264207796,0.9377799407357922
826,0.1661369815038854,0.8338630184961147
827,0.08684524550750418,0.9131547544924957
828,0.023240954458875883,0.9767590455411241
829,0.09531019065861196,0.904689809341388
830,0.339632812940438,0.660367187059562
831,0.0066797699793854385,0.9933202300206145
832,0.009615335228417057,0.990384664771583
833,0.08791567358353702,0.912084326416463
834,0.053627449176536224,0.9463725508234637
835,0.013160351181275018,0.9868396488187251
836,0.09190996560501292,0.9080900343949871
837,0.15952180013384915,0.8404781998661509
838,0.38321735935501383,0.6167826406449862
839,0.03524920444299282,0.9647507955570073
840,0.004600895395970397,0.9953991046040297
841,0.5380839169421641,0.461916083057836
842,0.11262019395924223,0.8873798060407578
843,0.04887068048693674,0.9511293195130633
844,0.07064142168757567,0.9293585783124244
845,0.014458233045816303,0.9855417669541837
846,0.11444385842121683,0.8855561415787833
847,0.01980895922005554,0.9801910407799445
848,0.031182618596881026,0.9688173814031189
849,0.05034728655803488,0.9496527134419652
850,0.4743253269139649,0.5256746730860351
851,0.0204753021919247,0.9795246978080753
852,0.08726618889713862,0.9127338111028614
853,0.014963889331953112,0.9850361106680469
854,0.08715839128251043,0.9128416087174896
855,0.09577608980330166,0.9042239101966983
856,0.020221888558674458,0.9797781114413255
857,0.03911094366191012,0.9608890563380899
858,0.013012232870936441,0.9869877671290637
859,0.02833538689364056,0.9716646131063595
860,0.11420557868130343,0.8857944213186966
861,0.20993964167495413,0.790060358325046
862,0.007467486099968868,0.9925325139000312
863,0.10187625041432191,0.8981237495856782
864,0.015201010136573132,0.984798989863427
865,0.05481787696943483,0.9451821230305651
866,0.07090388421722106,0.929096115782779
867,0.0917896175511668,0.9082103824488332
868,0.026448664868537187,0.9735513351314627
869,0.11126446575442821,0.8887355342455717
870,0.07444360568913981,0.9255563943108601
871,0.021011195089714628,0.9789888049102854
872,0.009793620527752064,0.990206379472248
873,0.06475109205745773,0.9352489079425423
874,0.12482143783970623,0.8751785621602939
875,0.0278656139671536,0.9721343860328465
876,0.013120580590124414,0.9868794194098756
877,0.13902580986326832,0.8609741901367316
878,0.1009430325734887,0.8990569674265113
879,0.007826722338767696,0.9921732776612323
880,0.022787629345653905,0.9772123706543461
881,0.03860155744183846,0.9613984425581616
882,0.03699519382180871,0.9630048061781914
883,0.026706839965945764,0.9732931600340542
884,0.8579323519505516,0.1420676480494484
885,0.016278897296255167,0.9837211027037448
886,0.05860339205008689,0.9413966079499132
887,0.05591160438281926,0.9440883956171807
888,0.4182162038389061,0.5817837961610938
889,0.049819775820773335,0.9501802241792267
890,0.016130067825389234,0.9838699321746107
891,0.02853141609066697,0.971468583909333
892,0.0433740767926853,0.9566259232073148
893,0.017482602114259123,0.982517397885741
894,0.010252611311290932,0.9897473886887092
895,0.02130410632728823,0.9786958936727118
896,0.02744551288309868,0.9725544871169013
897,0.7935476703576148,0.2064523296423853
898,0.023411576092787725,0.9765884239072123
899,0.12001143473584737,0.8799885652641527
900,0.036759149979396916,0.9632408500206031
901,0.11312448457476147,0.8868755154252385
902,0.024675210925555243,0.9753247890744449
903,0.03984701483193436,0.9601529851680656
904,0.011113001288216705,0.9888869987117833
905,0.05446162856677863,0.9455383714332214
906,0.012418620564143485,0.9875813794358566
907,0.04044230373490932,0.9595576962650907
908,0.005626256062686757,0.9943737439373134
909,0.04813368991588458,0.9518663100841154
910,0.032268086129020046,0.9677319138709799
911,0.15702283360170755,0.8429771663982923
912,0.14376639355367835,0.8562336064463217
913,0.11389951444067431,0.8861004855593256
914,0.007088252330544883,0.9929117476694551
915,0.13531495333721277,0.8646850466627872
916,0.03023271254699786,0.9697672874530021
917,0.1041370485408171,0.8958629514591829
918,0.10135762544892023,0.8986423745510798
919,0.1337825591050368,0.8662174408949632
920,0.015678760293361623,0.9843212397066383
921,0.05739660721185479,0.9426033927881452
922,0.027034037882216543,0.9729659621177834
923,0.09204229726278716,0.9079577027372128
924,0.0326491123806336,0.9673508876193665
925,0.05583736803072584,0.9441626319692742
926,0.10782439098945451,0.8921756090105456
927,0.01714674090136157,0.9828532590986385
928,0.028896932071801835,0.9711030679281982
929,0.4662979202078827,0.5337020797921174
930,0.04662698676620904,0.953373013233791
931,0.05942069327035752,0.9405793067296425
932,0.10311594305465323,0.8968840569453468
933,0.02629596063482197,0.9737040393651781
934,0.05427213866039077,0.9457278613396092
935,0.06304833035987595,0.9369516696401241
936,0.012463495238823957,0.987536504761176
937,0.011497163962178933,0.9885028360378211
938,0.19183510295807193,0.8081648970419282
939,0.08246104889849616,0.9175389511015039
940,0.32211552789077785,0.6778844721092221
941,0.14802900166857663,0.8519709983314233
942,0.1682758399293812,0.8317241600706188
943,0.01746945877258733,0.9825305412274128
944,0.0080573026921208,0.9919426973078792
945,0.027819563055072306,0.9721804369449278
946,0.0040551479141070525,0.995944852085893
947,0.752976864261345,0.24702313573865506
948,0.026499329031278013,0.973500670968722
949,0.012526469725744423,0.9874735302742557
950,0.020243064438846665,0.9797569355611534
951,0.034785172264986126,0.9652148277350139
952,0.8374915644286942,0.16250843557130584
953,0.02802362241788162,0.9719763775821185
954,0.20975514871284384,0.7902448512871562
955,0.052344745128819224,0.9476552548711807
956,0.003984682945483032,0.996015317054517
957,0.017520140326225696,0.9824798596737743
958,0.04902693835662497,0.950973061643375
959,0.003919544151449125,0.996080455848551
960,0.04057897694905052,0.9594210230509496
961,0.10357780231796845,0.8964221976820315
962,0.20681579871664318,0.7931842012833568
963,0.03533076623422879,0.9646692337657712
964,0.1278196931644254,0.8721803068355746
965,0.07025673048125072,0.9297432695187493
966,0.006412651122213299,0.9935873488777867
967,0.023903293971663252,0.9760967060283369
968,0.010433445733168435,0.9895665542668315
969,0.01941255637946931,0.9805874436205306
970,0.01727438660220589,0.9827256133977942
971,0.06876381461575944,0.9312361853842406
972,0.027921219904741116,0.9720787800952589
973,0.5409166362573445,0.45908336374265557
974,0.0341356824992102,0.9658643175007898
975,0.8129034629238246,0.18709653707617538
976,0.17184482540782012,0.8281551745921798
977,0.021154020086167378,0.9788459799138327
978,0.03012180765680678,0.9698781923431933
979,0.0031919743174733616,0.9968080256825266
980,0.0034582890725217666,0.9965417109274782
981,0.019678131471965715,0.9803218685280344
982,0.0358526930357075,0.9641473069642925
983,0.003539138407804839,0.9964608615921953
984,0.05540917966110741,0.9445908203388926
985,0.024022300780420707,0.9759776992195792
986,0.4481701360747908,0.5518298639252093
987,0.15385257062345,0.84614742937655
988,0.5862757747507918,0.4137242252492082
989,0.10698825295157527,0.8930117470484247
990,0.017764940015900038,0.9822350599841
991,0.016465361177235748,0.9835346388227643
992,0.08382479551334353,0.9161752044866565
993,0.013998417919571644,0.9860015820804283
994,0.08062025648539134,0.9193797435146087
995,0.02732176620265738,0.9726782337973426
996,0.008419784903820523,0.9915802150961796
997,0.0278656139671536,0.9721343860328465
998,0.08819883841025998,0.91180116158974
999,0.08233127921985738,0.9176687207801426
1000,0.01410652690920172,0.9858934730907982
1001,0.05074178065257106,0.949258219347429
1002,0.46407769615789285,0.5359223038421073
1003,0.09675132849600808,0.9032486715039919
1004,0.0148974901248654,0.9851025098751346
1005,0.01079204405694519,0.9892079559430548
1006,0.030830221327548885,0.9691697786724511
1007,0.023222869404716656,0.9767771305952833
1008,0.4932810863354169,0.5067189136645831
1009,0.9302739047111118,0.06972609528888825
1010,0.7382311576015436,0.26176884239845644
1011,0.665992017614778,0.3340079823852221
1012,0.7733603631713272,0.22663963682867283
1013,0.7614225020905752,0.23857749790942495
1014,0.9427985825663024,0.057201417433697485
1015,0.9317087550322504,0.06829124496774958
1016,0.9696946307420751,0.03030536925792489
1017,0.7710315606602098,0.22896843933979005
1018,0.9830830415043853,0.01691695849561465
1019,0.9101550868077732,0.08984491319222673
1020,0.5096845826871018,0.4903154173128981
1021,0.9236225116052794,0.07637748839472047
1022,0.7532460174113236,0.2467539825886765
1023,0.9487932044028162,0.05120679559718382
1024,0.7550235943364637,0.24497640566353637
1025,0.9457342902931263,0.05426570970687376
1026,0.9113230445552143,0.08867695544478575
1027,0.922357021254209,0.07764297874579101
1028,0.9329733358999178,0.06702666410008216
1029,0.6417317992795059,0.3582682007204942
1030,0.9803160424920314,0.01968395750796855
1031,0.6707483177978405,0.3292516822021596
1032,0.9244238256749415,0.07557617432505852
1033,0.9688890439101226,0.031110956089877326
1034,0.7683224828652023,0.23167751713479764
1035,0.7123546150927952,0.28764538490720487
1036,0.7228568816017713,0.2771431183982288
1037,0.9366775929532316,0.06332240704676838
1038,0.9603095481961292,0.039690451803870694
1039,0.9286983559472886,0.07130164405271135
1040,0.8723418990232392,0.12765810097676075
1041,0.8736667595637303,0.12633324043626978
1042,0.9003244519574135,0.09967554804258637
1043,0.9357205352513459,0.06427946474865412
1044,0.9437208373506886,0.05627916264931136
1045,0.8987191490433104,0.10128085095668962
1046,0.8412878949336228,0.15871210506637723
1047,0.912963288072676,0.08703671192732397
1048,0.6248547958732518,0.3751452041267483
1049,0.9587337783221743,0.041266221677825746
1050,0.9885439869865281,0.011456013013471834
1051,0.9544712354597192,0.04552876454028071
1052,0.8222949780086521,0.17770502199134783
1053,0.9540202811250859,0.0459797188749142
1054,0.9755094076171771,0.024490592382822852
1055,0.7466792002887758,0.2533207997112242
1056,0.7862897806862946,0.21371021931370546
1057,0.7320227286457557,0.2679772713542442
1058,0.8763772727762266,0.12362272722377354
1059,0.9815129827245211,0.018487017275478863
1060,0.9728770031164758,0.027122996883524247
1061,0.9585848997714084,0.04141510022859156
1062,0.9707942301707428,0.029205769829257086
1063,0.7987072682536471,0.20129273174635287
1064,0.9660450979185009,0.033954902081499004
1065,0.9537503867953566,0.04624961320464327
1066,0.4850013181766868,0.5149986818233132
1067,0.8799125525356267,0.12008744746437335
1068,0.8038578271543892,0.1961421728456108
1069,0.8213813030189802,0.1786186969810199
1070,0.738733603619852,0.26126639638014815
1071,0.8772757568635857,0.12272424313641427
1072,0.8563196528760869,0.14368034712391314
1073,0.9803430930327125,0.01965690696728739
1074,0.585727025644215,0.414272974355785
1075,0.7740085319156316,0.22599146808436843
1076,0.9581384107024999,0.041861589297500085
1077,0.4481701360747908,0.5518298639252093
1078,0.9223934736004777,0.07760652639952223
1079,0.5461114447523449,0.45388855524765515
1080,0.9826268602762703,0.01737313972372959
1081,0.9375618803016206,0.062438119698379375
1082,0.886144311977681,0.11385568802231913
1083,0.8773891868862755,0.12261081311372456
1084,0.957260756890298,0.042739243109701924
1085,0.9381426944913757,0.06185730550862421
1086,0.9162595183517634,0.08374048164823653
1087,0.9588752822066459,0.04112471779335412
1088,0.965186660597574,0.034813339402426
1089,0.9901823610421104,0.009817638957889467
1090,0.8812976722858871,0.118702327714113
1091,0.6047968034662279,0.3952031965337722
1092,0.8149581990011389,0.18504180099886122
1093,0.9488884560993465,0.05111154390065355
1094,0.8769751010266292,0.12302489897337084
1095,0.9802588618253057,0.019741138174694195
1096,0.9710567071138552,0.028943292886144795
1097,0.9363141514036457,0.06368584859635426
1098,0.9911851506529576,0.008814849347042289
1099,0.9888832248789581,0.011116775121041856
1100,0.9353539257154114,0.06464607428458861
1101,0.9455344032835444,0.05446559671645555
1102,0.9517467931530025,0.04825320684699757
1103,0.939875070315542,0.06012492968445796
1104,0.8779606550028476,0.12203934499715255
1105,0.9755743707905161,0.024425629209483886
1106,0.8519022858289831,0.1480977141710169
1107,0.9057038417025314,0.09429615829746861
1108,0.8005863010800499,0.19941369891995012
1109,0.9677485817950917,0.03225141820490828
1110,0.43789201104701087,0.5621079889529891
1111,0.21103182741377746,0.7889681725862226
1112,0.9168264244984957,0.08317357550150437
1113,0.9884564233650782,0.011543576634921702
1114,0.8642770703395776,0.13572292966042246
1115,0.9719443807635975,0.02805561923640259
1116,0.9816258249039709,0.018374175096029104
1117,0.9685877959500296,0.031412204049970256
1118,0.8321037516937368,0.1678962483062631
1119,0.962979336878822,0.03702066312117794
1120,0.9302384937453201,0.06976150625467985
1121,0.9334453084559884,0.06655469154401154
1122,0.7952444187005727,0.20475558129942728
1123,0.9748548920693864,0.025145107930613607
1124,0.9628267759349178,0.03717322406508209
1125,0.959160955247839,0.04083904475216112
1126,0.6913507305122986,0.30864926948770155
1127,0.8649418118615108,0.13505818813848933
1128,0.9892761007301667,0.010723899269833219
1129,0.7761824777953404,0.22381752220465964
1130,0.9888160478720588,0.011183952127941174
1131,0.9828277751106851,0.017172224889314955
1132,0.9396876611841609,0.06031233881583913
1133,0.971147000892594,0.02885299910740595
1134,0.9130226573378869,0.08697734266211302
1135,0.9594011846084022,0.04059881539159788
1136,0.9442455367207365,0.055754463279263373
1137,0.9862492533245346,0.01375074667546535
1138,0.8634296872991563,0.13657031270084372
1139,0.9146834410848154,0.08531655891518468
1140,0.9096853231178677,0.0903146768821324
1141,0.659095138648389,0.340904861351611
1142,0.9705830843153418,0.029416915684658113
1143,0.9430207703038402,0.05697922969615975
1144,0.9491137809166705,0.050886219083329506
1145,0.8240538105748616,0.1759461894251384
1146,0.9814307025398502,0.018569297460149747
1147,0.9736679402969546,0.026332059703045408
1148,0.46665710732769783,0.5333428926723022
1149,0.7444649240667102,0.25553507593328983
1150,0.753243480131366,0.2467565198686341
1151,0.5729683910657496,0.42703160893425046
1152,0.9820912907812355,0.01790870921876446
1153,0.6964560705056395,0.30354392949436043
1154,0.8343231251336385,0.16567687486636157
1155,0.6553793079574222,0.34462069204257795
1156,0.9856617860516862,0.014338213948313711
1157,0.9570241458876441,0.04297585411235605
1158,0.9353539257154114,0.06464607428458861
1159,0.8142422051665791,0.185757794833421
1160,0.9338499361362687,0.06615006386373135
1161,0.9185794770103387,0.08142052298966132
1162,0.9321673965204327,0.06783260347956735
1163,0.9528804668628559,0.04711953313714407
1164,0.8850425524080693,0.11495744759193066
1165,0.8050132907215026,0.19498670927849746
1166,0.7579140533010623,0.24208594669893774
1167,0.848267044858244,0.15173295514175592
1168,0.4482745438412158,0.5517254561587843
1169,0.9574872962191797,0.0425127037808202
1170,0.7615779149434215,0.23842208505657853
1171,0.7627196779106883,0.23728032208931168
1172,0.9922186790496847,0.007781320950315161
1173,0.7143832749575727,0.2856167250424274
1174,0.9761678810342866,0.023832118965713318
1175,0.7490685281001762,0.2509314718998238
1176,0.9625532587504563,0.03744674124954374
1177,0.6177806648316343,0.3822193351683657
1178,0.8643387140759987,0.13566128592400137
1179,0.9825826430023806,0.017417356997619305
1180,0.937608131185983,0.06239186881401694
1181,0.7480457969074958,0.25195420309250416
1182,0.9447490963561865,0.05525090364381346
1183,0.8896753238815464,0.11032467611845376
1184,0.8562444856536933,0.14375551434630673
1185,0.48662010340923645,0.5133798965907637
1186,0.8267686833981301,0.17323131660187
1187,0.8624615541689856,0.13753844583101438
1188,0.9320955410032044,0.06790445899679566
1189,0.7492471695740588,0.2507528304259413
1190,0.8044354045339185,0.19556459546608154
1191,0.82777004464023,0.1722299553597701
1192,0.9670471223945182,0.032952877605481844
1193,0.9781707821008916,0.021829217899108504
1194,0.7591525075606087,0.2408474924393914
1195,0.9358707885010885,0.06412921149891136
1196,0.977452276694796,0.02254772330520403
1197,0.8693526287708283,0.13064737122917175
1198,0.8853249362083353,0.11467506379166469
1199,0.8885081540577793,0.11149184594222078
1200,0.8624518607318274,0.1375481392681726
1201,0.6551793848682982,0.34482061513170187
1202,0.7824676435678583,0.21753235643214178
1203,0.9527980845215963,0.047201915478403605
1204,0.7923137520796708,0.2076862479203293
1205,0.9739654715539537,0.026034528446046184
1206,0.8617678459719555,0.1382321540280445
1207,0.8312989138864694,0.16870108611353068
1208,0.726667536760167,0.273332463239833
1209,0.9948337467148642,0.005166253285135844
1210,0.7711293598633487,0.22887064013665134
1211,0.7110533924261265,0.2889466075738735
1212,0.894684154084721,0.10531584591527904
1213,0.7697938697304259,0.2302061302695742
1214,0.7473650721587227,0.25263492784127733
1215,0.8442762514200017,0.15572374857999835
1216,0.8204154721876573,0.17958452781234277
1217,0.8678853006568397,0.1321146993431604
1218,0.8386557141168742,0.16134428588312583
1219,0.4481701360747908,0.5518298639252093
1220,0.4481701360747908,0.5518298639252093
1221,0.4481701360747908,0.5518298639252093
1222,0.9110201252593996,0.08897987474060044
1223,0.9014884442161786,0.09851155578382144
1224,0.9461501471448789,0.05384985285512116
1225,0.8533252026382575,0.1466747973617424
1226,0.9141475476292997,0.08585245237070015
1227,0.9147099190750941,0.08529008092490581
1228,0.6925211705515292,0.3074788294484709
1229,0.7878672988607855,0.21213270113921442
1230,0.9900472804175846,0.00995271958241546
1231,0.7818945897763995,0.21810541022360064
1232,0.9238427334409168,0.07615726655908325
1233,0.7855036660436322,0.21449633395636777
1234,0.85103180519709,0.1489681948029101
1235,0.9659659714395875,0.03403402856041246
1236,0.9222053170796972,0.07779468292030264
1237,0.980373708291392,0.019626291708607926
1238,0.9315007117513034,0.06849928824869651
1239,0.7990681005467467,0.2009318994532533
1240,0.9077416836692055,0.09225831633079448
1241,0.9322488038844085,0.06775119611559147
1242,0.9615762076260082,0.038423792373991766
1243,0.8976552091352802,0.10234479086471975
1244,0.8698337886880334,0.13016621131196654
1245,0.9643504972853939,0.035649502714606145
1246,0.7144013777914683,0.2855986222085318
1247,0.9594230013992434,0.04057699860075653
1248,0.8840007778770209,0.11599922212297911
1249,0.912963288072676,0.08703671192732397
1250,0.9595439362260213,0.04045606377397876
1251,0.9745451559608099,0.025454844039190128
1252,0.6951099780474176,0.30489002195258247
1253,0.8720548836760897,0.1279451163239104
1254,0.9832547272610573,0.016745272738942687
1255,0.9452277039394579,0.05477229606054215
1256,0.9717411478781909,0.028258852121809064
1257,0.9525107562843789,0.04748924371562119
1258,0.4330743791325612,0.5669256208674387
1259,0.7786521252397478,0.22134787476025228
1260,0.9646145893313091,0.035385410668690886
1261,0.9910467579404464,0.008953242059553668
1262,0.9620398743326898,0.03796012566731018
1263,0.8950253649669383,0.10497463503306162
1264,0.8823468088221481,0.1176531911778519
1265,0.6630736840729435,0.3369263159270565
1266,0.9250083075259845,0.07499169247401544
1267,0.9883225389882458,0.011677461011754165
1268,0.9868479931389892,0.01315200686101078
1269,0.9328782683631625,0.06712173163683752
1270,0.9065587212060648,0.09344127879393525
1271,0.9828207214552481,0.0171792785447518
1272,0.2172225903269383,0.7827774096730618
1273,0.4481701360747908,0.5518298639252093
1274,0.9218370868375755,0.0781629131624245
1275,0.9624169195101263,0.03758308048987367
1276,0.9639937643856074,0.03600623561439271
1277,0.8781434889813702,0.12185651101862982
1278,0.9327563580637365,0.06724364193626355
1279,0.9080871522697698,0.0919128477302301
1280,0.9271084176918416,0.07289158230815847
1281,0.8916157363160944,0.10838426368390555
1282,0.7695744416394955,0.23042555836050455
1283,0.76209567729727,0.23790432270273007
1284,0.6464954838206356,0.35350451617936435
1285,0.6939519234777355,0.30604807652226457
1286,0.8310494969185236,0.16895050308147644
1287,0.9859942101480562,0.01400578985194368
1288,0.45124922583835714,0.5487507741616428
1289,0.8897212223309755,0.11027877766902454
1290,0.8947262840416605,0.10527371595833944
1291,0.9552915233588437,0.04470847664115624
1292,0.8049376029543647,0.1950623970456354
1293,0.7703390745412098,0.22966092545879022
1294,0.9872652810432112,0.012734718956788687
1295,0.6653545046948028,0.3346454953051972
1296,0.803587408861533,0.19641259113846712
1297,0.6358968552389543,0.3641031447610457
1298,0.8454540772577048,0.15454592274229523
1299,0.9450790967893282,0.05492090321067171
1300,0.9546318227558712,0.045368177244128755
1301,0.9741233079472348,0.025876692052765153
1302,0.9433743973605683,0.05662560263943175
1303,0.8926032762810783,0.1073967237189218
1304,0.9199790671514486,0.08002093284855134
1305,0.9577986320385579,0.042201367961442006
1306,0.8678853006568397,0.1321146993431604
1307,0.9177100091639688,0.08228999083603117
1308,0.9441084148460386,0.05589158515396141
1309,0.8616044129944895,0.13839558700551052
1310,0.8996595164142249,0.10034048358577514
1311,0.9159740605579865,0.08402593944201364
1312,0.9943190100423998,0.005680989957600232
1313,0.723655650254415,0.276344349745585
1314,0.37949050873427953,0.6205094912657204
1315,0.8162070643438736,0.1837929356561265
1316,0.9646145893313091,0.035385410668690886
1317,0.9314870998069681,0.06851290019303187
1318,0.9615699431739534,0.038430056826046506
1319,0.97384572241386,0.026154277586139956
1320,0.9138055918886179,0.0861944081113821
1321,0.9729552707225686,0.02704472927743131
1322,0.7112937282632755,0.28870627173672453
1323,0.9710687106298628,0.028931289370137163
1324,0.8772250114783635,0.12277498852163657
1325,0.9624386205258633,0.037561379474136646
1326,0.7150570034411461,0.2849429965588539
1327,0.6916214053256543,0.30837859467434575
1328,0.9477384285796451,0.05226157142035491
1329,0.9208166846458404,0.07918331535415957
1330,0.8378990855067939,0.16210091449320607
1331,0.8867756471251095,0.11322435287489044
1332,0.9121334505838589,0.08786654941614115
1333,0.8528787282069165,0.14712127179308368
1334,0.9876543377604181,0.012345662239581853
1335,0.9620543715168212,0.03794562848317876
1336,0.9965067146540373,0.0034932853459627706
1337,0.5538320128953705,0.4461679871046295
1338,0.6478973150247744,0.3521026849752255
1339,0.961813693638112,0.038186306361887905
1340,0.8123580550372378,0.18764194496276224
1341,0.9474621253467378,0.052537874653262116
1342,0.960202723503555,0.03979727649644502
1343,0.9591653513883482,0.04083464861165176
1344,0.8526392638423576,0.14736073615764247
1345,0.936592986812092,0.06340701318790808
1346,0.8817594405696076,0.11824055943039241
1347,0.954156530909902,0.045843469090098045
1348,0.9966542080752814,0.003345791924718616
1349,0.7902071361615194,0.20979286383848067
1350,0.8351692201038095,0.16483077989619066
1351,0.6780235140920857,0.3219764859079143
1352,0.978655421071142,0.021344578928857973
1353,0.9509861362952554,0.049013863704744524
1354,0.9500626145178642,0.049937385482135666
1355,0.9867414309963884,0.013258569003611515
1356,0.7795462716422831,0.22045372835771695
1357,0.8115167169559283,0.1884832830440717
1358,0.874685340763875,0.12531465923612503
1359,0.9862439130675061,0.013756086932493791
1360,0.9906311070107806,0.009368892989219335
1361,0.9262514267942925,0.07374857320570749
1362,0.9421576219552373,0.0578423780447626
1363,0.8684971216580923,0.13150287834190777
1364,0.9777211085054635,0.02227889149453653
1365,0.9922186790496847,0.007781320950315161
1366,0.49601614143091993,0.5039838585690801
1367,0.8150054686432531,0.1849945313567469
1368,0.9668586343499775,0.03314136565002234
1369,0.83785827747282,0.16214172252718004
1370,0.821945375776718,0.17805462422328208
1371,0.8592135462569492,0.14078645374305074
1372,0.8366527698798228,0.1633472301201772
1373,0.9068918612627493,0.09310813873725074
1374,0.912963288072676,0.08703671192732397
1375,0.9674027489253593,0.032597251074640725
1376,0.9074222913568373,0.09257770864316281
1377,0.8817017676213069,0.11829823237869307
1378,0.9710048565945142,0.02899514340548576
1379,0.6877653263035304,0.31223467369646973
1380,0.938355008845765,0.06164499115423504
1381,0.8785804267707398,0.12141957322926017
1382,0.8603592954042156,0.13964070459578448
1383,0.9927119991954925,0.007288000804507581
1384,0.7725630815272222,0.2274369184727778
1385,0.9433419550679348,0.05665804493206519
1386,0.9877045870061665,0.012295412993833481
1387,0.8242334945864347,0.17576650541356542
1388,0.9812456585778421,0.018754341422157945
1389,0.8779267801196596,0.12207321988034037
1390,0.8903248049958117,0.10967519500418835
1391,0.8905190923865377,0.10948090761346237
1392,0.9221025253756415,0.07789747462435855
1393,0.9846537546166954,0.015346245383304521
1394,0.8391668003330207,0.16083319966697926
1395,0.929368920705388,0.07063107929461189
1396,0.7058691251650303,0.29413087483496975
1397,0.9422986044735456,0.05770139552645425
1398,0.7904558654744305,0.20954413452556953
1399,0.8228531215339613,0.17714687846603872
1400,0.7986899236682033,0.20131007633179665
1401,0.8443667194212943,0.15563328057870573
1402,0.9924595282775165,0.007540471722483546
1403,0.9731036661698952,0.026896333830104754
1404,0.9546532537179322,0.045346746282067835
1405,0.7169544592593515,0.2830455407406485
1406,0.989520685429246,0.010479314570754036
1407,0.7084171246542789,0.29158287534572114
1408,0.9682559069900804,0.03174409300991955
1409,0.9440059462496846,0.05599405375031542
1410,0.9643225046964176,0.03567749530358245
1411,0.8275400377575611,0.17245996224243895
1412,0.9474931799209863,0.05250682007901381
1413,0.27684088450570216,0.7231591154942978
1414,0.7237078808644148,0.2762921191355852
1415,0.8891236988955383,0.1108763011044617
1416,0.935149969210277,0.06485003078972287
1417,0.9187067744289078,0.08129322557109217
1418,0.7866783706468391,0.21332162935316093
1419,0.9755884793892651,0.024411520610734844
1420,0.7210570132233115,0.2789429867766886
1421,0.9897492222749017,0.010250777725098257
1422,0.7593200914187573,0.2406799085812428
1423,0.9617454308853592,0.0382545691146407
1424,0.9003782308403881,0.09962176915961184
1425,0.277552218390256,0.722447781609744
1426,0.7920564969385789,0.207943503061421
1427,0.702450648187179,0.29754935181282105
1428,0.9073267293335409,0.0926732706664592
1429,0.9409932818521108,0.0590067181478891
1430,0.9340751911273129,0.06592480887268712
1431,0.9855328085308729,0.014467191469127026
1432,0.9441707705570749,0.055829229442925
1433,0.9326351217898434,0.06736487821015665
1434,0.9024059191822643,0.09759408081773566
1435,0.6964560705056395,0.30354392949436043
1436,0.9616321155744973,0.03836788442550264
1437,0.9898244020635253,0.010175597936474733
1438,0.9366257658353571,0.06337423416464298
1439,0.8536665453557274,0.14633345464427253
1440,0.8974070079391598,0.10259299206084012
1441,0.9254528823951906,0.07454711760480935
1442,0.8947084398799462,0.10529156012005385
1443,0.9588629513688887,0.04113704863111131
1444,0.7473490291371014,0.2526509708628985
1445,0.8247632388248692,0.17523676117513076
1446,0.9802386917515242,0.019761308248475693
1447,0.9952195565860121,0.004780443413987809
1448,0.8528420134575756,0.14715798654242446
1449,0.8421633739069526,0.1578366260930474
1450,0.9836609638815731,0.016339036118426888
1451,0.29741459481100274,0.7025854051889974
1452,0.9685877959500296,0.031412204049970256
1453,0.9630359520781551,0.036964047921845
1454,0.40440863567503,0.5955913643249701
1455,0.8535028999275248,0.1464971000724753
1456,0.88623564397275,0.11376435602725
1457,0.9620831853183923,0.03791681468160768
1458,0.9905324369686925,0.009467563031307474
1459,0.9821968463270779,0.017803153672921956
1460,0.9344885920042649,0.06551140799573507
1461,0.9327563580637365,0.06724364193626355
1462,0.7704921848446583,0.2295078151553417
1463,0.8989616535551507,0.1010383464448493
1464,0.9348644060989036,0.06513559390109634
1465,0.9326112957840875,0.0673887042159125
1466,0.9130167124775928,0.08698328752240729
1467,0.9901105174800537,0.009889482519946235
1468,0.8770567345119623,0.12294326548803765
1469,0.7432473941744759,0.25675260582552417
1470,0.9922483759132221,0.007751624086777883
1471,0.8866218467888891,0.11337815321111085
1472,0.9554709899241431,0.044529010075856815
1473,0.9281138288338185,0.07188617116618144
1474,0.9454506984572298,0.05454930154277023
1475,0.6707374693873197,0.3292625306126803
1476,0.8264295053199612,0.17357049468003893
1477,0.8361732245133264,0.16382677548667363
1478,0.910843170350082,0.089156829649918
1479,0.9732347665166378,0.026765233483362145
1480,0.9763587745928218,0.02364122540717809
1481,0.9928033174772178,0.007196682522782216
1482,0.8635536956115851,0.13644630438841487
1483,0.9681563973520809,0.031843602647918995
1484,0.8963842369078375,0.1036157630921625
1485,0.9349883446580884,0.06501165534191147
1486,0.859674261309218,0.14032573869078208
1487,0.8156693806231262,0.1843306193768737
1488,0.7814961366051482,0.21850386339485178
1489,0.466662608335721,0.5333373916642791
1490,0.717467262403674,0.2825327375963261
1491,0.9320955410032044,0.06790445899679566
1492,0.650635547903159,0.3493644520968411
1493,0.9976377568928251,0.002362243107174939
1494,0.6911321245164457,0.3088678754835543
1495,0.890680863489396,0.10931913651060404
1496,0.9567696461259385,0.04323035387406144
1497,0.8581899151962639,0.14181008480373614
1498,0.6556564465892185,0.34434355341078154
1499,0.956419529030899,0.04358047096910094
1500,0.5166609110259041,0.48333908897409605
1501,0.8647781154137387,0.1352218845862614
1502,0.9301001750682675,0.06989982493173245
1503,0.978251994834192,0.021748005165808014
1504,0.8894271075711011,0.11057289242889892
1505,0.9796307106237561,0.02036928937624386
1506,0.9657680425520221,0.03423195744797786
1507,0.9173779761674519,0.08262202383254819
1508,0.9755743707905161,0.024425629209483886
1509,0.9308198017046945,0.06918019829530556
1510,0.682667218124199,0.317332781875801
1511,0.7931502398066824,0.20684976019331766
1512,0.9830692993395842,0.016930700660415732
1513,0.9937573377559998,0.006242662244000129
1514,0.9751300714195434,0.024869928580456474
1515,0.9868479931389892,0.01315200686101078
1516,0.9184492718529204,0.08155072814707957
1517,0.9118389976261465,0.08816100237385349
1518,0.9884075356169801,0.011592464383019913
1519,0.9740044549455595,0.02599554505444042
1520,0.9569758373426263,0.04302416265737366
1521,0.9855175447466692,0.01448245525333072
1522,0.5846574373242601,0.41534256267573993
1523,0.6088735869794962,0.39112641302050377
1524,0.9371736111047371,0.0628263888952629
1525,0.9268372672901416,0.07316273270985832
1526,0.9699202080750651,0.030079791924934783
1527,0.8317683998360508,0.16823160016394922
1528,0.8065145637012909,0.19348543629870915
1529,0.9806948132801114,0.019305186719888602
1530,0.9944743720480367,0.0055256279519632695
1531,0.4600866041965932,0.5399133958034069
1532,0.9127715294462033,0.08722847055379675
1533,0.9198093757222745,0.08019062427772561
1534,0.9698464145041108,0.030153585495889177
1535,0.9877296856711392,0.012270314328860782
1536,0.8646236932331762,0.13537630676682383
1537,0.93706353538755,0.06293646461244992
1538,0.7660977439950533,0.23390225600494666
1539,0.6936349939875767,0.3063650060124234
1540,0.7470516806810615,0.25294831931893846
1541,0.8349750011976881,0.16502499880231195
1542,0.9343179947119277,0.0656820052880723
1543,0.9813128796564168,0.018687120343583177
1544,0.848419630568909,0.15158036943109107
1545,0.8903342092651423,0.10966579073485776
1546,0.8554444364461694,0.14455556355383056
1547,0.9513617507578789,0.04863824924212112
1548,0.9630937972303832,0.036906202769616855
1549,0.9580440622221494,0.041955937777850616
1550,0.9807195143722203,0.019280485627779613
1551,0.8512975527361414,0.14870244726385862
1552,0.939514528234005,0.06048547176599486
1553,0.9100854354186848,0.08991456458131526
1554,0.8855475288828911,0.11445247111710899
1555,0.8348445936422447,0.16515540635775539
1556,0.9405790449746078,0.059420955025392214
1557,0.717678335725066,0.28232166427493405
1558,0.9793461478592445,0.0206538521407555
1559,0.7574993289712045,0.2425006710287956
1560,0.9514693913954596,0.04853060860454027
1561,0.6793317603659351,0.3206682396340649
1562,0.8182336704449523,0.1817663295550478
1563,0.6430979180843134,0.35690208191568673
1564,0.9808418047800187,0.01915819521998117
1565,0.9629996796793855,0.037000320320614545
1566,0.9198941614065561,0.08010583859344388
1567,0.8792078866915497,0.1207921133084503
1568,0.9882879391256679,0.011712060874332055
1569,0.7970259407459552,0.2029740592540447
1570,0.869496128520706,0.130503871479294
1571,0.94272843965811,0.05727156034189002
1572,0.6921006840642618,0.3078993159357382
1573,0.9242348611191709,0.07576513888082917
1574,0.9560171682735004,0.04398283172649964
1575,0.9723400323939146,0.02765996760608529
1576,0.9600591051125708,0.03994089488742922
1577,0.9134527514276467,0.08654724857235334
1578,0.8901433817809115,0.10985661821908849
1579,0.9954823416325171,0.004517658367482912
1580,0.8671656066726862,0.13283439332731398
1581,0.9199710976352337,0.08002890236476637
1582,0.9352100483819697,0.06478995161803018
1583,0.9631544546097999,0.03684554539020008
1584,0.9192386473357842,0.08076135266421586
1585,0.80958116494549,0.19041883505451004
1586,0.8249562700783446,0.1750437299216554
1587,0.7979457546458792,0.20205424535412075
1588,0.8423646833459197,0.15763531665408023
1589,0.9918392050509222,0.008160794949077812
1590,0.9410276725424627,0.05897232745753734
1591,0.8186576246033707,0.18134237539662945
1592,0.8776712131467442,0.1223287868532559
1593,0.9572538019850916,0.04274619801490849
1594,0.9517051324595314,0.04829486754046861
1595,0.7943431970230984,0.20565680297690156
1596,0.9233671269640669,0.07663287303593315
1597,0.35830130299580487,0.6416986970041951
1598,0.9755219641368026,0.024478035863197425
1599,0.6161669267059494,0.3838330732940507
1600,0.9067709288786014,0.09322907112139844
1601,0.636536793634138,0.363463206365862
1602,0.8491051063880398,0.1508948936119602
1603,0.8840822185962266,0.11591778140377348
1604,0.8944677754704314,0.10553222452956859
1605,0.9173779761674519,0.08262202383254819
1606,0.8741679480054567,0.12583205199454336
1607,0.9604519864505024,0.03954801354949759
1608,0.9110307493876362,0.08896925061236387
1609,0.9412180392237515,0.05878196077624852
1610,0.8527005347182244,0.14729946528177562
1611,0.9873450417948041,0.012654958205195828
1612,0.8182762986911561,0.18172370130884388
1613,0.7779041388931909,0.22209586110680915
1614,0.9601174385077269,0.039882561492273115
1615,0.9936364979478086,0.006363502052191402
1616,0.7711740951492779,0.22882590485072207
1617,0.9867647728727102,0.013235227127289674
1618,0.7982389564813129,0.20176104351868718
1619,0.9617910269021982,0.038208973097801864
1620,0.9125450354305173,0.08745496456948267
1621,0.7334221221575888,0.2665778778424112
1622,0.7121795588004848,0.2878204411995152
1623,0.9659602936794027,0.03403970632059734
1624,0.9194969198519415,0.08050308014805861
1625,0.9854950784204896,0.01450492157951048
1626,0.8499419395177581,0.1500580604822419
1627,0.5207149930547139,0.47928500694528625
1628,0.9780584268269137,0.02194157317308627
1629,0.846520421266336,0.1534795787336641
1630,0.8550892156263192,0.1449107843736808
1631,0.9847187758634215,0.015281224136578469
1632,0.9808860080582442,0.019113991941755698
1633,0.6296594721161369,0.3703405278838631
1634,0.9792555225370804,0.02074447746291974
1635,0.9553213187856232,0.0446786812143767
1636,0.9926999413503176,0.0073000586496824536
1637,0.9880203271633148,0.011979672836685135
1638,0.9015101172247576,0.09848988277524254
1639,0.9258837452145757,0.07411625478542418
1640,0.8932562728935695,0.1067437271064306
1641,0.7822152276896046,0.21778477231039547
1642,0.7237877004271793,0.2762122995728206
1643,0.9124150384946812,0.08758496150531875
1644,0.9817874103978933,0.0182125896021067
1645,0.938684426531375,0.061315573468624936
1646,0.9274998809655717,0.07250011903442831
1647,0.9212603603294228,0.07873963967057708
1648,0.9155887275908636,0.08441127240913639
1649,0.9670365251310097,0.032963474868990254
1650,0.9247701164166306,0.07522988358336931
1651,0.8658958876234502,0.13410411237654993
1652,0.7564036518470497,0.24359634815295036
1653,0.9532771728961558,0.046722827103844206
1654,0.9131438684702482,0.08685613152975179
1655,0.9784609581309385,0.02153904186906147
1656,0.9731359767455022,0.02686402325449768
1657,0.9959481344295458,0.004051865570454248
1658,0.8490774147130019,0.1509225852869982
1659,0.7232306936449551,0.27676930635504493
1660,0.966172431282062,0.03382756871793801
1661,0.9651311366720893,0.0348688633279107
1662,0.7899214401724554,0.21007855982754475
1663,0.9894997782192404,0.010500221780759503
1664,0.9800838721931692,0.01991612780683076
1665,0.9878983468680328,0.012101653131967285
1666,0.8704486606067752,0.12955133939322483
1667,0.8785884679814637,0.12141153201853637
1668,0.8063163902148784,0.19368360978512156
1669,0.7322996896120291,0.2677003103879709
1670,0.9052637626362239,0.09473623736377614
1671,0.9162595183517634,0.08374048164823653
1672,0.8424839404433525,0.15751605955664746
1673,0.8850425524080693,0.11495744759193066
1674,0.9780657524099281,0.021934247590071898
1675,0.8895377575745065,0.11046224242549356
1676,0.7717399659611974,0.22826003403880257
1677,0.9795443644225307,0.02045563557746926
1678,0.9897838929327918,0.010216107067208189
1679,0.628680122167365,0.37131987783263504
1680,0.9160843201500498,0.0839156798499502
1681,0.9266764132802499,0.07332358671975002
1682,0.8129932826007844,0.18700671739921562
1683,0.9712557714771959,0.028744228522804068
1684,0.8243484275311743,0.17565157246882576
1685,0.96229203454321,0.037707965456789914
1686,0.9830830415043853,0.01691695849561465
1687,0.9711511028314317,0.028848897168568338
1688,0.844809532461421,0.15519046753857912
1689,0.7447272340330557,0.25527276596694426
1690,0.8838483344678499,0.11615166553215006
1691,0.9805956527290131,0.019404347270986833
1692,0.9683810505242507,0.03161894947574924
1693,0.7289715288449541,0.27102847115504597
1694,0.8801821896749786,0.1198178103250214
1695,0.9852348929917268,0.014765107008273192
1696,0.8878057367121779,0.11219426328782212
1697,0.8661180657073004,0.1338819342926996
1698,0.9841577366131306,0.01584226338686936
1699,0.9749802031605445,0.025019796839455443
1700,0.9035067593635776,0.09649324063642246
1701,0.5436870277465017,0.45631297225349826
1702,0.9187567147793931,0.08124328522060685
1703,0.9494489167536261,0.05055108324637379
1704,0.8451728797415942,0.15482712025840575
1705,0.9920231936028953,0.007976806397104708
1706,0.9688552963658161,0.0311447036341839
1707,0.9262747885111079,0.07372521148889208
1708,0.9143449151489136,0.08565508485108637
1709,0.7875532398990083,0.21244676010099167
1710,0.9049859250953506,0.09501407490464953
1711,0.9107503441647398,0.08924965583526023
1712,0.8674306215127772,0.13256937848722286
1713,0.9769811326124466,0.023018867387553404
1714,0.9823011648562113,0.017698835143788567
1715,0.9878038790997318,0.012196120900268153
1716,0.951501730957364,0.048498269042635975
1717,0.9193590619449774,0.08064093805502254
1718,0.9611067213391922,0.03889327866080789
1719,0.7937855929112545,0.20621440708874555
1720,0.9087571586926273,0.09124284130737258
1721,0.9533128937090184,0.0466871062909816
1722,0.7378071540540753,0.26219284594592485
1723,0.9019470000047242,0.09805299999527592
1724,0.9623058898817046,0.037694110118295425
1725,0.7790613849481337,0.22093861505186638
1726,0.7482377001008182,0.2517622998991818
1727,0.96372373573799,0.03627626426200994
1728,0.967452230035177,0.032547769964822976
1729,0.649175859648963,0.3508241403510371
1730,0.625518778472093,0.374481221527907
1731,0.9330454982467375,0.06695450175326238
1732,0.9486810777962508,0.051318922203749215
1733,0.8805848048542472,0.11941519514575281
1734,0.9182678660188995,0.08173213398110046
1735,0.975583181580173,0.0244168184198269
1736,0.9271218962465536,0.07287810375344636
1737,0.7152188148743295,0.2847811851256706
1738,0.9778108231009328,0.02218917689906714
1739,0.9509442171732861,0.04905578282671387
1740,0.9413912793355796,0.058608720664420334
1741,0.9554425612193145,0.04455743878068544
1742,0.5382792464929961,0.4617207535070039
1743,0.9431461893720287,0.05685381062797131
1744,0.9649280109325165,0.03507198906748344
1745,0.8580219721676564,0.14197802783234365
1746,0.6831737701315461,0.31682622986845393
1747,0.9719138103943119,0.02808618960568813
1748,0.647538555087003,0.3524614449129971
1749,0.5963019820582376,0.40369801794176247
1750,0.7097622890728491,0.29023771092715084
1751,0.8342372370125811,0.1657627629874189
1752,0.8307988010235108,0.1692011989764892
1753,0.9613230609076602,0.03867693909233977
1754,0.9914262215396686,0.008573778460331262
1755,0.9749670776189904,0.025032922381009598
1756,0.6387365034414294,0.3612634965585707
1757,0.6818405059034924,0.3181594940965076
1758,0.880778035584389,0.11922196441561095
1759,0.8408476547250854,0.1591523452749146
1760,0.8564412836989127,0.14355871630108735
1761,0.7505391863384204,0.24946081366157963
1762,0.7963198435206874,0.20368015647931265
1763,0.8154254692525471,0.18457453074745298
1764,0.8616044129944895,0.13839558700551052
1765,0.83279783355758,0.16720216644242009
1766,0.7380159184107046,0.2619840815892955
1767,0.6988868666905523,0.3011131333094476
1768,0.9199133993813127,0.08008660061868732
1769,0.8803351179779687,0.11966488202203135
1770,0.8878057367121779,0.11219426328782212
1771,0.8823275878704686,0.1176724121295314
1772,0.7729332247517283,0.22706677524827165
1773,0.8882997679411452,0.11170023205885482
1774,0.8058639739164808,0.19413602608351913
1775,0.8959394741748781,0.104060525825122
1776,0.9580923876820118,0.04190761231798812
1777,0.9334255992659706,0.06657440073402952
1778,0.9673941808930465,0.032605819106953496
1779,0.6817321381778729,0.318267861822127
1780,0.9158128451001749,0.08418715489982506
1781,0.9589947201565854,0.04100527984341468
1782,0.9294211189466437,0.0705788810533562
1783,0.6858534186141062,0.31414658138589385
1784,0.93167649769847,0.06832350230152995
1785,0.948060906004613,0.05193909399538701
1786,0.4088420953622095,0.5911579046377906
1787,0.9215247185655505,0.07847528143444939
1788,0.9555949485467143,0.04440505145328557
1789,0.8962319672571903,0.10376803274280975
1790,0.9589947201565854,0.04100527984341468
1791,0.9749670776189904,0.025032922381009598
1792,0.9036982089053156,0.09630179109468444
1793,0.942432440830526,0.05756755916947396
1794,0.983766109338963,0.016233890661036917
1795,0.7053771112166263,0.29462288878337384
1796,0.956572774033835,0.04342722596616497
1797,0.9414444641659082,0.05855553583409176
1798,0.9614308782078143,0.038569121792185745
1799,0.9139310997560807,0.08606890024391924
1800,0.6984289975246792,0.30157100247532076
1801,0.8267539358971981,0.17324606410280177
1802,0.9124985762568674,0.0875014237431326
1803,0.9941034828366306,0.005896517163369275
1804,0.9382331658862837,0.06176683411371629
1805,0.8368123911397256,0.16318760886027436
1806,0.9655564512786966,0.0344435487213034
1807,0.7727040587551683,0.2272959412448317
1808,0.7827548073699987,0.21724519263000133
1809,0.9177300000087849,0.08226999999121518
1810,0.7795185131077061,0.2204814868922939
1811,0.9020400601096344,0.09795993989036561
1812,0.9643078577360286,0.035692142263971355
1813,0.519193949959581,0.48080605004041915
1814,0.7457900984644379,0.25420990153556206
1815,0.8896753238815464,0.11032467611845376
1816,0.9027468970945722,0.09725310290542775
1817,0.5478302292404331,0.4521697707595669
1818,0.9118218914760752,0.08817810852392478
1819,0.912963288072676,0.08703671192732397
1820,0.9928518406227519,0.007148159377248106
1821,0.8793585453565164,0.12064145464348373
1822,0.9535477765620082,0.04645222343799176
1823,0.9699202080750651,0.030079791924934783
1824,0.9792634989968932,0.02073650100310667
1825,0.9314625229585242,0.06853747704147581
1826,0.5384075964900384,0.4615924035099616
1827,0.980087334015377,0.019912665984623084
1828,0.8218366932398828,0.1781633067601173
1829,0.7525746745979542,0.2474253254020458
1830,0.9812830886411941,0.01871691135880585
1831,0.975509910110989,0.024490089889011087
1832,0.5834451085999665,0.41655489140003343
1833,0.9924520366813466,0.007547963318653453
1834,0.9554709899241431,0.044529010075856815
1835,0.888160077238626,0.11183992276137392
1836,0.7465406554158702,0.25345934458412983
1837,0.9252411797665889,0.07475882023341109
1838,0.9825308356945406,0.01746916430545943
1839,0.7800324221276108,0.21996757787238924
1840,0.586060389309662,0.4139396106903381
1841,0.35372439940473266,0.6462756005952673
1842,0.9728726600391254,0.02712733996087454
1843,0.9741571404594844,0.0258428595405155
1844,0.7750213399679152,0.2249786600320848
1845,0.5860265785483082,0.41397342145169175
1846,0.981243063405882,0.018756936594117955
1847,0.993428839623741,0.006571160376259006
1848,0.9551394478517505,0.04486055214824945
1849,0.806035155761675,0.19396484423832502
1850,0.9782442433776062,0.021755756622393835
1851,0.732097757481832,0.26790224251816797
1852,0.8005713185422015,0.1994286814577985
1853,0.9879141121134076,0.012085887886592366
1854,0.8701634348083316,0.12983656519166845
1855,0.9522062437998933,0.04779375620010662
1856,0.994602970899955,0.0053970291000450515
1857,0.9274678150278498,0.0725321849721503
1858,0.763676832993282,0.23632316700671807
1859,0.9714234708213251,0.028576529178674915
1860,0.8534428158012919,0.14655718419870817
1861,0.5148792088146695,0.48512079118533047
1862,0.8791812017391669,0.12081879826083311
1863,0.9719534706961439,0.028046529303856073
1864,0.9123160467269545,0.08768395327304543
1865,0.9733887941680496,0.026611205831950403
1866,0.48995399386212635,0.5100460061378737
1867,0.9879141121134076,0.012085887886592366
1868,0.9897725440852234,0.01022745591477667
1869,0.9452901433907244,0.054709856609275576
1870,0.8917206539433499,0.10827934605665021
1871,0.7932303264536009,0.20676967354639908
1872,0.9123160467269545,0.08768395327304543
1873,0.8132557840409804,0.18674421595901963
1874,0.9054293104178588,0.09457068958214122
1875,0.9353539257154114,0.06464607428458861
1876,0.8127220478663624,0.1872779521336377
1877,0.9829037523249087,0.01709624767509124
1878,0.978043921360692,0.021956078639308
1879,0.9373466205516825,0.06265337944831754
1880,0.9696957982693056,0.03030420173069435
1881,0.7825347685121267,0.2174652314878734
1882,0.925030682779854,0.07496931722014594
1883,0.9693864324046273,0.030613567595372593
1884,0.9681546355085534,0.0318453644914466
1885,0.9009365890613181,0.0990634109386819
1886,0.9153665053719868,0.08463349462801305
1887,0.3900123146362455,0.6099876853637545
1888,0.8574277922249554,0.14257220777504473
1889,0.9035974423606763,0.09640255763932362
1890,0.5014677752756437,0.4985322247243563
1891,0.913128041341519,0.08687195865848091
1892,0.8171930793326013,0.18280692066739873
1893,0.9902230965754317,0.009776903424568186
1894,0.7211582856382819,0.2788417143617181
1895,0.9874618262369034,0.012538173763096546
1896,0.9663363569686786,0.033663643031321445
1897,0.9413557085546804,0.05864429144531962
1898,0.6452602928484029,0.3547397071515972
1899,0.8898582658607453,0.11014173413925468
1900,0.8848644869313567,0.11513551306864334
1901,0.8408476547250854,0.1591523452749146
1902,0.9628754577576081,0.037124542242391916
1903,0.6805378921871315,0.31946210781286866
1904,0.9856827463035646,0.014317253696435366
1905,0.808774919452529,0.19122508054747106
1906,0.9912151022127184,0.008784897787281603
1907,0.7604493602081391,0.2395506397918609
1908,0.7207387201216902,0.27926127987830984
1909,0.9567502385378823,0.043249761462117654
1910,0.9879216391391309,0.012078360860869091
1911,0.9578503038039696,0.042149696196030345
1912,0.5956415100816947,0.4043584899183053
1913,0.9468618680760343,0.053138131923965645
1914,0.9878041275783351,0.012195872421664792
1915,0.9427855824962053,0.057214417503794635
1916,0.7927560641643818,0.20724393583561823
1917,0.8224242252850449,0.17757577471495514
1918,0.9027950329710032,0.09720496702899685
1919,0.9089299716011976,0.0910700283988024
1920,0.8866113368502585,0.11338866314974157
1921,0.70428018865951,0.29571981134048997
1922,0.9022493464798923,0.09775065352010759
1923,0.9013447712201029,0.09865522877989717
1924,0.9882668184692847,0.011733181530715302
1925,0.9664009709962266,0.033599029003773435
1926,0.801962256573375,0.1980377434266249
1927,0.7089569731205125,0.29104302687948747
1928,0.8666860407678474,0.1333139592321526
1929,0.9611067213391922,0.03889327866080789
1930,0.8289530474693552,0.17104695253064484
1931,0.9134428891676237,0.08655711083237629
1932,0.5169996102496938,0.4830003897503061
1933,0.9659321100752961,0.03406788992470392
1934,0.990696434552529,0.00930356544747102
1935,0.5937184705748555,0.4062815294251445
1936,0.8865540837028423,0.11344591629715785
1937,0.9466775726097473,0.05332242739025263
1938,0.7604844176467882,0.2395155823532117
1939,0.916097309123321,0.083902690876679
1940,0.9559850457483737,0.04401495425162624
1941,0.9431018181581161,0.056898181841883874
1942,0.9535674770338552,0.04643252296614465
1943,0.959573593429679,0.04042640657032094
1944,0.9524553752439484,0.04754462475605147
1945,0.9349458132954181,0.06505418670458181
1946,0.8827259098416874,0.11727409015831264
1947,0.9684700311913144,0.03152996880868553
1948,0.985145616674513,0.014854383325486982
1949,0.7589789823763634,0.24102101762363665
1950,0.3339291879780461,0.666070812021954
1951,0.5154760650389456,0.4845239349610544
1952,0.8254446445482582,0.1745553554517418
1953,0.6050087066396509,0.39499129336034905
1954,0.4825740257617985,0.5174259742382015
1955,0.6305779333649286,0.3694220666350714
1956,0.9880909364344713,0.01190906356552862
1957,0.799522288148368,0.20047771185163207
1958,0.7490234073188725,0.2509765926811275
1959,0.7379909940498077,0.26200900595019244
1960,0.9810943222518173,0.018905677748182706
1961,0.9408358149770657,0.05916418502293427
1962,0.9820637464806381,0.017936253519361834
1963,0.7724457141183847,0.22755428588161533
1964,0.9875008056450052,0.012499194354994775
1965,0.9664242542810622,0.03357574571893779
1966,0.8424839404433525,0.15751605955664746
1967,0.8724206047745329,0.12757939522546724
1968,0.8662352037115449,0.13376479628845506
1969,0.9426429006131674,0.05735709938683263
1970,0.9719920687897639,0.02800793121023606
1971,0.9662988131948003,0.03370118680519965
1972,0.9173618551457513,0.08263814485424865
1973,0.9794694132005113,0.020530586799488635
1974,0.8588718723056412,0.1411281276943588
1975,0.7385698130495514,0.2614301869504486
1976,0.7647880976031135,0.23521190239688658
1977,0.9648082330920591,0.03519176690794086
1978,0.7859741503901876,0.21402584960981247
1979,0.9867324531068358,0.013267546893164148
1980,0.8503934354562563,0.14960656454374374
1981,0.8764276620018219,0.12357233799817818
1982,0.8644134822926848,0.13558651770731525
1983,0.6799740551547137,0.32002594484528646
1984,0.8903853003509602,0.10961469964903985
1985,0.807223510912641,0.192776489087359
1986,0.9578756314252141,0.04212436857478581
1987,0.8017024447405342,0.19829755525946585
1988,0.9566937885726493,0.043306211427350604
1989,0.8904573725228289,0.1095426274771711
1990,0.7662032887532623,0.23379671124673776
1991,0.7609928813576622,0.23900711864233784
1992,0.8561542119299176,0.14384578807008247
1993,0.9453978374863948,0.05460216251360516
1994,0.951718424233946,0.048281575766053915
1995,0.8317582975457305,0.16824170245426956
1996,0.9778501868145715,0.022149813185428493
1997,0.962155483462128,0.03784451653787195
1998,0.9603029748240084,0.03969702517599158
1999,0.9678464730871431,0.03215352691285698
